sku|sku_option|name|razmer|ves|price|discount|special_price|description|description_ua|brand_new|
"a89d794b-7539-4387-a7e3-a61347e0ecbd|4824100525661|0079R-BR|2,81|'0'|7 268|50|3 634|<dl><dt>Вес, грамм: </dt><dd>2,81</dd><dt>Проба: </dt><dd>925</dd></dl><dl class=""with-title""><dt>Вставка 1: </dt><dd>Бриллиант</dd><dt>Количество камней: </dt><dd>2</dd><dt>Масса: </dt><dd>0,068</dd><dt>Гр. цвета/чистоты/кл. огранки: </dt><dd>4/5A</dd><dt>Форма огранки: </dt><dd>Кр 57</dd></dl>|<dl><dt>Вага, грам: </dt><dd>2,81</dd><dt>Проба: </dt><dd>925</dd></dl><dl class=""with-title""><dt>Вставка 1: </dt><dd>Діамант</dd><dt>Кількість каменів: </dt><dd>2</dd><dt>Маса: </dt><dd>0,068</dd><dt>Гр. кольору/чистоти/кл. огранки: </dt><dd>4/5A</dd><dt>Форма огранки: </dt><dd>Кр 57</dd></dl>|Срібна Країна"
"a89d794b-7539-4387-a7e3-a61347e0ecbd|4824100525289|0079R-BR|2,83|'0'|7 285|50|3 643|<dl><dt>Вес, грамм: </dt><dd>2,83</dd><dt>Проба: </dt><dd>925</dd></dl><dl class=""with-title""><dt>Вставка 1: </dt><dd>Бриллиант</dd><dt>Количество камней: </dt><dd>2</dd><dt>Масса: </dt><dd>0,068</dd><dt>Гр. цвета/чистоты/кл. огранки: </dt><dd>4/5A</dd><dt>Форма огранки: </dt><dd>Кр 57</dd></dl>|<dl><dt>Вага, грам: </dt><dd>2,83</dd><dt>Проба: </dt><dd>925</dd></dl><dl class=""with-title""><dt>Вставка 1: </dt><dd>Діамант</dd><dt>Кількість каменів: </dt><dd>2</dd><dt>Маса: </dt><dd>0,068</dd><dt>Гр. кольору/чистоти/кл. огранки: </dt><dd>4/5A</dd><dt>Форма огранки: </dt><dd>Кр 57</dd></dl>|Срібна Країна"
"a89d794b-7539-4387-a7e3-a61347e0ecbd|4824100525531|0079R-BR|2,86|'0'|7 308|50|3 654|<dl><dt>Вес, грамм: </dt><dd>2,86</dd><dt>Проба: </dt><dd>925</dd></dl><dl class=""with-title""><dt>Вставка 1: </dt><dd>Бриллиант</dd><dt>Количество камней: </dt><dd>2</dd><dt>Масса: </dt><dd>0,068</dd><dt>Гр. цвета/чистоты/кл. огранки: </dt><dd>4/5A</dd><dt>Форма огранки: </dt><dd>Кр 57</dd></dl>|<dl><dt>Вага, грам: </dt><dd>2,86</dd><dt>Проба: </dt><dd>925</dd></dl><dl class=""with-title""><dt>Вставка 1: </dt><dd>Діамант</dd><dt>Кількість каменів: </dt><dd>2</dd><dt>Маса: </dt><dd>0,068</dd><dt>Гр. кольору/чистоти/кл. огранки: </dt><dd>4/5A</dd><dt>Форма огранки: </dt><dd>Кр 57</dd></dl>|Срібна Країна"
"5bc27d0d-f0c5-4a5b-a55e-0261ee83a3ca|4824002070634|0160R-BR|2,31|'0'|6 866|50|3 433|<dl><dt>Вес, грамм: </dt><dd>2,31</dd><dt>Проба: </dt><dd>925</dd></dl><dl class=""with-title""><dt>Вставка 1: </dt><dd>Бриллиант</dd><dt>Количество камней: </dt><dd>2</dd><dt>Масса: </dt><dd>0,068</dd><dt>Гр. цвета/чистоты/кл. огранки: </dt><dd>4/5A</dd><dt>Форма огранки: </dt><dd>Кр 57</dd></dl>|<dl><dt>Вага, грам: </dt><dd>2,31</dd><dt>Проба: </dt><dd>925</dd></dl><dl class=""with-title""><dt>Вставка 1: </dt><dd>Діамант</dd><dt>Кількість каменів: </dt><dd>2</dd><dt>Маса: </dt><dd>0,068</dd><dt>Гр. кольору/чистоти/кл. огранки: </dt><dd>4/5A</dd><dt>Форма огранки: </dt><dd>Кр 57</dd></dl>|Срібна Країна"
"5bc27d0d-f0c5-4a5b-a55e-0261ee83a3ca|4824002067597|0160R-BR|2,33|'0'|6 882|50|3 441|<dl><dt>Вес, грамм: </dt><dd>2,33</dd><dt>Проба: </dt><dd>925</dd></dl><dl class=""with-title""><dt>Вставка 1: </dt><dd>Бриллиант</dd><dt>Количество камней: </dt><dd>2</dd><dt>Масса: </dt><dd>0,068</dd><dt>Гр. цвета/чистоты/кл. огранки: </dt><dd>4/5A</dd><dt>Форма огранки: </dt><dd>Кр 57</dd></dl>|<dl><dt>Вага, грам: </dt><dd>2,33</dd><dt>Проба: </dt><dd>925</dd></dl><dl class=""with-title""><dt>Вставка 1: </dt><dd>Діамант</dd><dt>Кількість каменів: </dt><dd>2</dd><dt>Маса: </dt><dd>0,068</dd><dt>Гр. кольору/чистоти/кл. огранки: </dt><dd>4/5A</dd><dt>Форма огранки: </dt><dd>Кр 57</dd></dl>|Срібна Країна"
"5bc27d0d-f0c5-4a5b-a55e-0261ee83a3ca|4824100524343|0160R-BR|2,35|'0'|6 898|50|3 449|<dl><dt>Вес, грамм: </dt><dd>2,35</dd><dt>Проба: </dt><dd>925</dd></dl><dl class=""with-title""><dt>Вставка 1: </dt><dd>Бриллиант</dd><dt>Количество камней: </dt><dd>2</dd><dt>Масса: </dt><dd>0,068</dd><dt>Гр. цвета/чистоты/кл. огранки: </dt><dd>4/5A</dd><dt>Форма огранки: </dt><dd>Кр 57</dd></dl>|<dl><dt>Вага, грам: </dt><dd>2,35</dd><dt>Проба: </dt><dd>925</dd></dl><dl class=""with-title""><dt>Вставка 1: </dt><dd>Діамант</dd><dt>Кількість каменів: </dt><dd>2</dd><dt>Маса: </dt><dd>0,068</dd><dt>Гр. кольору/чистоти/кл. огранки: </dt><dd>4/5A</dd><dt>Форма огранки: </dt><dd>Кр 57</dd></dl>|Срібна Країна"
"5bc27d0d-f0c5-4a5b-a55e-0261ee83a3ca|4824100524473|0160R-BR|2,38|'0'|6 921|50|3 461|<dl><dt>Вес, грамм: </dt><dd>2,38</dd><dt>Проба: </dt><dd>925</dd></dl><dl class=""with-title""><dt>Вставка 1: </dt><dd>Бриллиант</dd><dt>Количество камней: </dt><dd>2</dd><dt>Масса: </dt><dd>0,068</dd><dt>Гр. цвета/чистоты/кл. огранки: </dt><dd>4/5A</dd><dt>Форма огранки: </dt><dd>Кр 57</dd></dl>|<dl><dt>Вага, грам: </dt><dd>2,38</dd><dt>Проба: </dt><dd>925</dd></dl><dl class=""with-title""><dt>Вставка 1: </dt><dd>Діамант</dd><dt>Кількість каменів: </dt><dd>2</dd><dt>Маса: </dt><dd>0,068</dd><dt>Гр. кольору/чистоти/кл. огранки: </dt><dd>4/5A</dd><dt>Форма огранки: </dt><dd>Кр 57</dd></dl>|Срібна Країна"
"5bc27d0d-f0c5-4a5b-a55e-0261ee83a3ca|4824100524374|0160R-BR|2,39|'0'|6 930|50|3 465|<dl><dt>Вес, грамм: </dt><dd>2,39</dd><dt>Проба: </dt><dd>925</dd></dl><dl class=""with-title""><dt>Вставка 1: </dt><dd>Бриллиант</dd><dt>Количество камней: </dt><dd>2</dd><dt>Масса: </dt><dd>0,068</dd><dt>Гр. цвета/чистоты/кл. огранки: </dt><dd>4/5A</dd><dt>Форма огранки: </dt><dd>Кр 57</dd></dl>|<dl><dt>Вага, грам: </dt><dd>2,39</dd><dt>Проба: </dt><dd>925</dd></dl><dl class=""with-title""><dt>Вставка 1: </dt><dd>Діамант</dd><dt>Кількість каменів: </dt><dd>2</dd><dt>Маса: </dt><dd>0,068</dd><dt>Гр. кольору/чистоти/кл. огранки: </dt><dd>4/5A</dd><dt>Форма огранки: </dt><dd>Кр 57</dd></dl>|Срібна Країна"
"5bc27d0d-f0c5-4a5b-a55e-0261ee83a3ca|4824100524596|0160R-BR|2,39|'0'|6 930|50|3 465|<dl><dt>Вес, грамм: </dt><dd>2,39</dd><dt>Проба: </dt><dd>925</dd></dl><dl class=""with-title""><dt>Вставка 1: </dt><dd>Бриллиант</dd><dt>Количество камней: </dt><dd>2</dd><dt>Масса: </dt><dd>0,068</dd><dt>Гр. цвета/чистоты/кл. огранки: </dt><dd>4/5A</dd><dt>Форма огранки: </dt><dd>Кр 57</dd></dl>|<dl><dt>Вага, грам: </dt><dd>2,39</dd><dt>Проба: </dt><dd>925</dd></dl><dl class=""with-title""><dt>Вставка 1: </dt><dd>Діамант</dd><dt>Кількість каменів: </dt><dd>2</dd><dt>Маса: </dt><dd>0,068</dd><dt>Гр. кольору/чистоти/кл. огранки: </dt><dd>4/5A</dd><dt>Форма огранки: </dt><dd>Кр 57</dd></dl>|Срібна Країна"
"5bc27d0d-f0c5-4a5b-a55e-0261ee83a3ca|4824100524459|0160R-BR|2,4|'0'|6 937|50|3 469|<dl><dt>Вес, грамм: </dt><dd>2,4</dd><dt>Проба: </dt><dd>925</dd></dl><dl class=""with-title""><dt>Вставка 1: </dt><dd>Бриллиант</dd><dt>Количество камней: </dt><dd>2</dd><dt>Масса: </dt><dd>0,068</dd><dt>Гр. цвета/чистоты/кл. огранки: </dt><dd>4/5A</dd><dt>Форма огранки: </dt><dd>Кр 57</dd></dl>|<dl><dt>Вага, грам: </dt><dd>2,4</dd><dt>Проба: </dt><dd>925</dd></dl><dl class=""with-title""><dt>Вставка 1: </dt><dd>Діамант</dd><dt>Кількість каменів: </dt><dd>2</dd><dt>Маса: </dt><dd>0,068</dd><dt>Гр. кольору/чистоти/кл. огранки: </dt><dd>4/5A</dd><dt>Форма огранки: </dt><dd>Кр 57</dd></dl>|Срібна Країна"
5b461f45-b202-49a6-9b9f-22cfe6552396|2300079707274|1EA30263|2,03|'0'|1 263|50|632|<dl><dt>Вес, грамм: </dt><dd>2,03</dd><dt>Проба: </dt><dd>925</dd></dl>|<dl><dt>Вага, грам: </dt><dd>2,03</dd><dt>Проба: </dt><dd>925</dd></dl>|Срібна Країна
e51a0428-ec3f-453f-89e1-2f461593e273|2160308044804|1EA33789/4-E|3,68|'0'|1 730|70|519|<dl><dt>Вес, грамм: </dt><dd>3,68</dd><dt>Проба: </dt><dd>925</dd></dl>|<dl><dt>Вага, грам: </dt><dd>3,68</dd><dt>Проба: </dt><dd>925</dd></dl>|Срібна Країна
34d8b2b8-e802-4cf3-8d0f-a092fc5f9961|2162206039432|1EA34106-E|2,6|'0'|1 430|50|715|<dl><dt>Вес, грамм: </dt><dd>2,6</dd><dt>Проба: </dt><dd>925</dd></dl>|<dl><dt>Вага, грам: </dt><dd>2,6</dd><dt>Проба: </dt><dd>925</dd></dl>|Срібна Країна
89d2395e-34cd-4bbd-8674-45e1e3228577|2300080356355|1EA34585-E/12/1|2,91|'0'|1 778|50|889|<dl><dt>Вес, грамм: </dt><dd>2,91</dd><dt>Проба: </dt><dd>925</dd></dl>|<dl><dt>Вага, грам: </dt><dd>2,91</dd><dt>Проба: </dt><dd>925</dd></dl>|Срібна Країна
89d2395e-34cd-4bbd-8674-45e1e3228577|2300080356348|1EA34585-E/12/1|2,92|'0'|1 784|50|892|<dl><dt>Вес, грамм: </dt><dd>2,92</dd><dt>Проба: </dt><dd>925</dd></dl>|<dl><dt>Вага, грам: </dt><dd>2,92</dd><dt>Проба: </dt><dd>925</dd></dl>|Срібна Країна
ccfd2b0f-c630-4766-bf9d-35d61672cd9b|2300080997183|1EA43032|0,88|'0'|528|50|264|<dl><dt>Вес, грамм: </dt><dd>0,88</dd><dt>Проба: </dt><dd>925</dd></dl>|<dl><dt>Вага, грам: </dt><dd>0,88</dd><dt>Проба: </dt><dd>925</dd></dl>|Срібна Країна
c2db891f-cde5-4996-82a7-2013180825b7|2300080633487|1EA43227|0,86|'0'|535|50|268|<dl><dt>Вес, грамм: </dt><dd>0,86</dd><dt>Проба: </dt><dd>925</dd></dl>|<dl><dt>Вага, грам: </dt><dd>0,86</dd><dt>Проба: </dt><dd>925</dd></dl>|Срібна Країна
a96d31d6-bb37-489a-b599-254ec8100d16|2300079331820|1EA43531|0,7|'0'|435|50|218|<dl><dt>Вес, грамм: </dt><dd>0,7</dd><dt>Проба: </dt><dd>925</dd></dl>|<dl><dt>Вага, грам: </dt><dd>0,7</dd><dt>Проба: </dt><dd>925</dd></dl>|Срібна Країна
a96d31d6-bb37-489a-b599-254ec8100d16|2300079332056|1EA43531|0,7|'0'|435|50|218|<dl><dt>Вес, грамм: </dt><dd>0,7</dd><dt>Проба: </dt><dd>925</dd></dl>|<dl><dt>Вага, грам: </dt><dd>0,7</dd><dt>Проба: </dt><dd>925</dd></dl>|Срібна Країна
a96d31d6-bb37-489a-b599-254ec8100d16|2300079331455|1EA43531|0,72|'0'|448|50|224|<dl><dt>Вес, грамм: </dt><dd>0,72</dd><dt>Проба: </dt><dd>925</dd></dl>|<dl><dt>Вага, грам: </dt><dd>0,72</dd><dt>Проба: </dt><dd>925</dd></dl>|Срібна Країна
2c907012-f997-46d5-941a-fd7b6547c6c4|2300077843660|1EA44143|1,28|'0'|740|50|370|<dl><dt>Вес, грамм: </dt><dd>1,28</dd><dt>Проба: </dt><dd>925</dd></dl>|<dl><dt>Вага, грам: </dt><dd>1,28</dd><dt>Проба: </dt><dd>925</dd></dl>|Срібна Країна
2c907012-f997-46d5-941a-fd7b6547c6c4|2300077843592|1EA44143|1,3|'0'|751|50|376|<dl><dt>Вес, грамм: </dt><dd>1,3</dd><dt>Проба: </dt><dd>925</dd></dl>|<dl><dt>Вага, грам: </dt><dd>1,3</dd><dt>Проба: </dt><dd>925</dd></dl>|Срібна Країна
fd2f2dee-443d-4659-b929-18cfe3bb314b|2300073365067|1EA53460|1,51|'0'|710|70|213|<dl><dt>Вес, грамм: </dt><dd>1,51</dd><dt>Проба: </dt><dd>925</dd></dl>|<dl><dt>Вага, грам: </dt><dd>1,51</dd><dt>Проба: </dt><dd>925</dd></dl>|Срібна Країна
fd2f2dee-443d-4659-b929-18cfe3bb314b|2300073365074|1EA53460|1,51|'0'|710|70|213|<dl><dt>Вес, грамм: </dt><dd>1,51</dd><dt>Проба: </dt><dd>925</dd></dl>|<dl><dt>Вага, грам: </dt><dd>1,51</dd><dt>Проба: </dt><dd>925</dd></dl>|Срібна Країна
fd2f2dee-443d-4659-b929-18cfe3bb314b|2300073364473|1EA53460|1,53|'0'|719|70|216|<dl><dt>Вес, грамм: </dt><dd>1,53</dd><dt>Проба: </dt><dd>925</dd></dl>|<dl><dt>Вага, грам: </dt><dd>1,53</dd><dt>Проба: </dt><dd>925</dd></dl>|Срібна Країна
fd2f2dee-443d-4659-b929-18cfe3bb314b|2300073365197|1EA53460|1,56|'0'|733|70|220|<dl><dt>Вес, грамм: </dt><dd>1,56</dd><dt>Проба: </dt><dd>925</dd></dl>|<dl><dt>Вага, грам: </dt><dd>1,56</dd><dt>Проба: </dt><dd>925</dd></dl>|Срібна Країна
5057546e-205c-456a-8ad3-975b7129de38|2300079281873|1EA57257|1,42|'0'|883|50|442|<dl><dt>Вес, грамм: </dt><dd>1,42</dd><dt>Проба: </dt><dd>925</dd></dl>|<dl><dt>Вага, грам: </dt><dd>1,42</dd><dt>Проба: </dt><dd>925</dd></dl>|Срібна Країна
369fce25-d345-4206-9ed0-aa99b3aa136c|2300069690098|1EA57261|1,74|'0'|1 063|50|532|<dl><dt>Вес, грамм: </dt><dd>1,74</dd><dt>Проба: </dt><dd>925</dd></dl>|<dl><dt>Вага, грам: </dt><dd>1,74</dd><dt>Проба: </dt><dd>925</dd></dl>|Срібна Країна
5ae50eab-1481-4811-93c1-aff7f823a68e|2300087132129|1EA59847|2,1|'0'|1 191|50|596|<dl><dt>Вес, грамм: </dt><dd>2,1</dd><dt>Проба: </dt><dd>925</dd></dl>|<dl><dt>Вага, грам: </dt><dd>2,1</dd><dt>Проба: </dt><dd>925</dd></dl>|Срібна Країна
5ae50eab-1481-4811-93c1-aff7f823a68e|2300087131900|1EA59847|2,15|'0'|1 219|50|610|<dl><dt>Вес, грамм: </dt><dd>2,15</dd><dt>Проба: </dt><dd>925</dd></dl>|<dl><dt>Вага, грам: </dt><dd>2,15</dd><dt>Проба: </dt><dd>925</dd></dl>|Срібна Країна
db4d0960-7122-48ec-9c3c-676e4561a80c|2300073370689|1EA70112|1,7|'0'|799|70|240|<dl><dt>Вес, грамм: </dt><dd>1,7</dd><dt>Проба: </dt><dd>925</dd></dl>|<dl><dt>Вага, грам: </dt><dd>1,7</dd><dt>Проба: </dt><dd>925</dd></dl>|Срібна Країна
21c4bc4a-2f55-45fe-952a-2c0ff7c96f0e|2300073507733|1EA70189|1,34|'0'|819|50|410|<dl><dt>Вес, грамм: </dt><dd>1,34</dd><dt>Проба: </dt><dd>925</dd></dl>|<dl><dt>Вага, грам: </dt><dd>1,34</dd><dt>Проба: </dt><dd>925</dd></dl>|Срібна Країна
21c4bc4a-2f55-45fe-952a-2c0ff7c96f0e|2300073507511|1EA70189|1,35|'0'|825|50|413|<dl><dt>Вес, грамм: </dt><dd>1,35</dd><dt>Проба: </dt><dd>925</dd></dl>|<dl><dt>Вага, грам: </dt><dd>1,35</dd><dt>Проба: </dt><dd>925</dd></dl>|Срібна Країна
330f5c81-d0de-42e7-b390-beadb69b1220|2300081015664|1EA70292|1,16|'0'|683|50|342|<dl><dt>Вес, грамм: </dt><dd>1,16</dd><dt>Проба: </dt><dd>925</dd></dl>|<dl><dt>Вага, грам: </dt><dd>1,16</dd><dt>Проба: </dt><dd>925</dd></dl>|Срібна Країна
22dbaa6b-5c19-44ad-846d-5a98c9d191f7|2300079429015|1EA70325|0,93|'0'|558|50|279|<dl><dt>Вес, грамм: </dt><dd>0,93</dd><dt>Проба: </dt><dd>925</dd></dl>|<dl><dt>Вага, грам: </dt><dd>0,93</dd><dt>Проба: </dt><dd>925</dd></dl>|Срібна Країна
22dbaa6b-5c19-44ad-846d-5a98c9d191f7|2300079429527|1EA70325|0,93|'0'|558|50|279|<dl><dt>Вес, грамм: </dt><dd>0,93</dd><dt>Проба: </dt><dd>925</dd></dl>|<dl><dt>Вага, грам: </dt><dd>0,93</dd><dt>Проба: </dt><dd>925</dd></dl>|Срібна Країна
22dbaa6b-5c19-44ad-846d-5a98c9d191f7|2300079429718|1EA70325|0,93|'0'|558|50|279|<dl><dt>Вес, грамм: </dt><dd>0,93</dd><dt>Проба: </dt><dd>925</dd></dl>|<dl><dt>Вага, грам: </dt><dd>0,93</dd><dt>Проба: </dt><dd>925</dd></dl>|Срібна Країна
22dbaa6b-5c19-44ad-846d-5a98c9d191f7|2300079428520|1EA70325|0,95|'0'|570|50|285|<dl><dt>Вес, грамм: </dt><dd>0,95</dd><dt>Проба: </dt><dd>925</dd></dl>|<dl><dt>Вага, грам: </dt><dd>0,95</dd><dt>Проба: </dt><dd>925</dd></dl>|Срібна Країна
22dbaa6b-5c19-44ad-846d-5a98c9d191f7|2300079428872|1EA70325|0,95|'0'|570|50|285|<dl><dt>Вес, грамм: </dt><dd>0,95</dd><dt>Проба: </dt><dd>925</dd></dl>|<dl><dt>Вага, грам: </dt><dd>0,95</dd><dt>Проба: </dt><dd>925</dd></dl>|Срібна Країна
f225d3fe-8bc7-4d2f-a9ad-f19037e5c883|2300086188455|1EA70345|0,79|'0'|465|50|233|<dl><dt>Вес, грамм: </dt><dd>0,79</dd><dt>Проба: </dt><dd>925</dd></dl>|<dl><dt>Вага, грам: </dt><dd>0,79</dd><dt>Проба: </dt><dd>925</dd></dl>|Срібна Країна
660e6f85-c18b-42f9-b400-746730f02fd2|2300070524351|1EA70379|2,22|'0'|1 356|50|678|<dl><dt>Вес, грамм: </dt><dd>2,22</dd><dt>Проба: </dt><dd>925</dd></dl>|<dl><dt>Вага, грам: </dt><dd>2,22</dd><dt>Проба: </dt><dd>925</dd></dl>|Срібна Країна
660e6f85-c18b-42f9-b400-746730f02fd2|2300086784565|1EA70379|2,37|'0'|1 448|50|724|<dl><dt>Вес, грамм: </dt><dd>2,37</dd><dt>Проба: </dt><dd>925</dd></dl>|<dl><dt>Вага, грам: </dt><dd>2,37</dd><dt>Проба: </dt><dd>925</dd></dl>|Срібна Країна
660e6f85-c18b-42f9-b400-746730f02fd2|2300086784688|1EA70379|2,37|'0'|1 448|50|724|<dl><dt>Вес, грамм: </dt><dd>2,37</dd><dt>Проба: </dt><dd>925</dd></dl>|<dl><dt>Вага, грам: </dt><dd>2,37</dd><dt>Проба: </dt><dd>925</dd></dl>|Срібна Країна
660e6f85-c18b-42f9-b400-746730f02fd2|2300086784732|1EA70379|2,4|'0'|1 466|50|733|<dl><dt>Вес, грамм: </dt><dd>2,4</dd><dt>Проба: </dt><dd>925</dd></dl>|<dl><dt>Вага, грам: </dt><dd>2,4</dd><dt>Проба: </dt><dd>925</dd></dl>|Срібна Країна
f965d78c-9200-4ff1-8019-58876fc66458|2300078665865|1EA74357|0,88|'0'|528|50|264|<dl><dt>Вес, грамм: </dt><dd>0,88</dd><dt>Проба: </dt><dd>925</dd></dl>|<dl><dt>Вага, грам: </dt><dd>0,88</dd><dt>Проба: </dt><dd>925</dd></dl>|Срібна Країна
f965d78c-9200-4ff1-8019-58876fc66458|2300078667432|1EA74357|0,89|'0'|534|50|267|<dl><dt>Вес, грамм: </dt><dd>0,89</dd><dt>Проба: </dt><dd>925</dd></dl>|<dl><dt>Вага, грам: </dt><dd>0,89</dd><dt>Проба: </dt><dd>925</dd></dl>|Срібна Країна
f965d78c-9200-4ff1-8019-58876fc66458|2300078667449|1EA74357|0,89|'0'|534|50|267|<dl><dt>Вес, грамм: </dt><dd>0,89</dd><dt>Проба: </dt><dd>925</dd></dl>|<dl><dt>Вага, грам: </dt><dd>0,89</dd><dt>Проба: </dt><dd>925</dd></dl>|Срібна Країна
f965d78c-9200-4ff1-8019-58876fc66458|2300078667463|1EA74357|0,89|'0'|534|50|267|<dl><dt>Вес, грамм: </dt><dd>0,89</dd><dt>Проба: </dt><dd>925</dd></dl>|<dl><dt>Вага, грам: </dt><dd>0,89</dd><dt>Проба: </dt><dd>925</dd></dl>|Срібна Країна
f965d78c-9200-4ff1-8019-58876fc66458|2300081329082|1EA74357|0,91|'0'|566|50|283|<dl><dt>Вес, грамм: </dt><dd>0,91</dd><dt>Проба: </dt><dd>925</dd></dl>|<dl><dt>Вага, грам: </dt><dd>0,91</dd><dt>Проба: </dt><dd>925</dd></dl>|Срібна Країна
a3155ff3-a66f-41d4-8450-cb3ce1cafba8|2300077826427|1EA74380|0,73|'0'|414|50|207|<dl><dt>Вес, грамм: </dt><dd>0,73</dd><dt>Проба: </dt><dd>925</dd></dl>|<dl><dt>Вага, грам: </dt><dd>0,73</dd><dt>Проба: </dt><dd>925</dd></dl>|Срібна Країна
a3155ff3-a66f-41d4-8450-cb3ce1cafba8|2300077825802|1EA74380|0,74|'0'|420|50|210|<dl><dt>Вес, грамм: </dt><dd>0,74</dd><dt>Проба: </dt><dd>925</dd></dl>|<dl><dt>Вага, грам: </dt><dd>0,74</dd><dt>Проба: </dt><dd>925</dd></dl>|Срібна Країна
2c9cc93d-4482-447d-aa5f-94fc12975900|2300078096409|1EA76015|2,46|'0'|1 449|50|725|<dl><dt>Вес, грамм: </dt><dd>2,46</dd><dt>Проба: </dt><dd>925</dd></dl>|<dl><dt>Вага, грам: </dt><dd>2,46</dd><dt>Проба: </dt><dd>925</dd></dl>|Срібна Країна
2c9cc93d-4482-447d-aa5f-94fc12975900|2300078096805|1EA76015|2,48|'0'|1 461|50|731|<dl><dt>Вес, грамм: </dt><dd>2,48</dd><dt>Проба: </dt><dd>925</dd></dl>|<dl><dt>Вага, грам: </dt><dd>2,48</dd><dt>Проба: </dt><dd>925</dd></dl>|Срібна Країна
c4ae6932-2305-4024-8607-c7c7f1a728b6|2300077847514|1EA76250|1,13|'0'|653|50|327|<dl><dt>Вес, грамм: </dt><dd>1,13</dd><dt>Проба: </dt><dd>925</dd></dl>|<dl><dt>Вага, грам: </dt><dd>1,13</dd><dt>Проба: </dt><dd>925</dd></dl>|Срібна Країна
d3749ce0-a3dc-44d7-b08d-04e35c158790|2300087002415|1EA76256|0,55|'0'|336|50|168|<dl><dt>Вес, грамм: </dt><dd>0,55</dd><dt>Проба: </dt><dd>925</dd></dl>|<dl><dt>Вага, грам: </dt><dd>0,55</dd><dt>Проба: </dt><dd>925</dd></dl>|Срібна Країна
d3749ce0-a3dc-44d7-b08d-04e35c158790|2300087002903|1EA76256|0,55|'0'|336|50|168|<dl><dt>Вес, грамм: </dt><dd>0,55</dd><dt>Проба: </dt><dd>925</dd></dl>|<dl><dt>Вага, грам: </dt><dd>0,55</dd><dt>Проба: </dt><dd>925</dd></dl>|Срібна Країна
d3749ce0-a3dc-44d7-b08d-04e35c158790|2300087003771|1EA76256|0,55|'0'|336|50|168|<dl><dt>Вес, грамм: </dt><dd>0,55</dd><dt>Проба: </dt><dd>925</dd></dl>|<dl><dt>Вага, грам: </dt><dd>0,55</dd><dt>Проба: </dt><dd>925</dd></dl>|Срібна Країна
d3749ce0-a3dc-44d7-b08d-04e35c158790|2300087008899|1EA76256|0,56|'0'|342|50|171|<dl><dt>Вес, грамм: </dt><dd>0,56</dd><dt>Проба: </dt><dd>925</dd></dl>|<dl><dt>Вага, грам: </dt><dd>0,56</dd><dt>Проба: </dt><dd>925</dd></dl>|Срібна Країна
d3749ce0-a3dc-44d7-b08d-04e35c158790|2300087009735|1EA76256|0,56|'0'|342|50|171|<dl><dt>Вес, грамм: </dt><dd>0,56</dd><dt>Проба: </dt><dd>925</dd></dl>|<dl><dt>Вага, грам: </dt><dd>0,56</dd><dt>Проба: </dt><dd>925</dd></dl>|Срібна Країна
ae82c2aa-42ff-4190-9847-9ffe2fbe4e56|2300085544153|1EA76525|2,08|'0'|1 225|50|613|<dl><dt>Вес, грамм: </dt><dd>2,08</dd><dt>Проба: </dt><dd>925</dd></dl>|<dl><dt>Вага, грам: </dt><dd>2,08</dd><dt>Проба: </dt><dd>925</dd></dl>|Срібна Країна
8a9f1a8d-7b5e-430d-9fe0-9eb1deccfe76|2300073509614|1EA76709|1,22|'0'|745|50|373|<dl><dt>Вес, грамм: </dt><dd>1,22</dd><dt>Проба: </dt><dd>925</dd></dl>|<dl><dt>Вага, грам: </dt><dd>1,22</dd><dt>Проба: </dt><dd>925</dd></dl>|Срібна Країна
8a9f1a8d-7b5e-430d-9fe0-9eb1deccfe76|2300073509690|1EA76709|1,22|'0'|745|50|373|<dl><dt>Вес, грамм: </dt><dd>1,22</dd><dt>Проба: </dt><dd>925</dd></dl>|<dl><dt>Вага, грам: </dt><dd>1,22</dd><dt>Проба: </dt><dd>925</dd></dl>|Срібна Країна
8a9f1a8d-7b5e-430d-9fe0-9eb1deccfe76|2300079313277|1EA76709|1,22|'0'|759|50|380|<dl><dt>Вес, грамм: </dt><dd>1,22</dd><dt>Проба: </dt><dd>925</dd></dl>|<dl><dt>Вага, грам: </dt><dd>1,22</dd><dt>Проба: </dt><dd>925</dd></dl>|Срібна Країна
8a9f1a8d-7b5e-430d-9fe0-9eb1deccfe76|2300073509737|1EA76709|1,23|'0'|752|50|376|<dl><dt>Вес, грамм: </dt><dd>1,23</dd><dt>Проба: </dt><dd>925</dd></dl>|<dl><dt>Вага, грам: </dt><dd>1,23</dd><dt>Проба: </dt><dd>925</dd></dl>|Срібна Країна
04e1be68-ecfc-47a6-b31a-c58679b4429b|2300069236623|1EA76819|1,6|'0'|978|50|489|<dl><dt>Вес, грамм: </dt><dd>1,6</dd><dt>Проба: </dt><dd>925</dd></dl>|<dl><dt>Вага, грам: </dt><dd>1,6</dd><dt>Проба: </dt><dd>925</dd></dl>|Срібна Країна
04e1be68-ecfc-47a6-b31a-c58679b4429b|2300069237026|1EA76819|1,65|'0'|1 008|50|504|<dl><dt>Вес, грамм: </dt><dd>1,65</dd><dt>Проба: </dt><dd>925</dd></dl>|<dl><dt>Вага, грам: </dt><dd>1,65</dd><dt>Проба: </dt><dd>925</dd></dl>|Срібна Країна
9886f378-086a-419d-a94e-b6b8b8b67d7b|2300072581369|1EA76954|1,71|'0'|804|70|241|<dl><dt>Вес, грамм: </dt><dd>1,71</dd><dt>Проба: </dt><dd>925</dd></dl>|<dl><dt>Вага, грам: </dt><dd>1,71</dd><dt>Проба: </dt><dd>925</dd></dl>|Срібна Країна
9886f378-086a-419d-a94e-b6b8b8b67d7b|2300072582335|1EA76954|1,73|'0'|813|70|244|<dl><dt>Вес, грамм: </dt><dd>1,73</dd><dt>Проба: </dt><dd>925</dd></dl>|<dl><dt>Вага, грам: </dt><dd>1,73</dd><dt>Проба: </dt><dd>925</dd></dl>|Срібна Країна
9886f378-086a-419d-a94e-b6b8b8b67d7b|2300072582472|1EA76954|1,73|'0'|813|70|244|<dl><dt>Вес, грамм: </dt><dd>1,73</dd><dt>Проба: </dt><dd>925</dd></dl>|<dl><dt>Вага, грам: </dt><dd>1,73</dd><dt>Проба: </dt><dd>925</dd></dl>|Срібна Країна
0daa1486-2251-4909-87fa-9d43d7c61572|2300073390328|1EA77189|1,59|'0'|747|70|224|<dl><dt>Вес, грамм: </dt><dd>1,59</dd><dt>Проба: </dt><dd>925</dd></dl>|<dl><dt>Вага, грам: </dt><dd>1,59</dd><dt>Проба: </dt><dd>925</dd></dl>|Срібна Країна
0daa1486-2251-4909-87fa-9d43d7c61572|2300073390663|1EA77189|1,59|'0'|747|70|224|<dl><dt>Вес, грамм: </dt><dd>1,59</dd><dt>Проба: </dt><dd>925</dd></dl>|<dl><dt>Вага, грам: </dt><dd>1,59</dd><dt>Проба: </dt><dd>925</dd></dl>|Срібна Країна
39ac41f7-e788-4801-aebb-b0193c530929|2300087013152|1EA77525|1,49|'0'|910|50|455|<dl><dt>Вес, грамм: </dt><dd>1,49</dd><dt>Проба: </dt><dd>925</dd></dl>|<dl><dt>Вага, грам: </dt><dd>1,49</dd><dt>Проба: </dt><dd>925</dd></dl>|Срібна Країна
39ac41f7-e788-4801-aebb-b0193c530929|2300087013374|1EA77525|1,51|'0'|923|50|462|<dl><dt>Вес, грамм: </dt><dd>1,51</dd><dt>Проба: </dt><dd>925</dd></dl>|<dl><dt>Вага, грам: </dt><dd>1,51</dd><dt>Проба: </dt><dd>925</dd></dl>|Срібна Країна
b0eee46c-df97-4f53-9553-45613e4b0ad8|2300069363305|1EA77636|1,41|'0'|830|50|415|<dl><dt>Вес, грамм: </dt><dd>1,41</dd><dt>Проба: </dt><dd>925</dd></dl>|<dl><dt>Вага, грам: </dt><dd>1,41</dd><dt>Проба: </dt><dd>925</dd></dl>|Срібна Країна
b0eee46c-df97-4f53-9553-45613e4b0ad8|2300069363893|1EA77636|1,44|'0'|848|50|424|<dl><dt>Вес, грамм: </dt><dd>1,44</dd><dt>Проба: </dt><dd>925</dd></dl>|<dl><dt>Вага, грам: </dt><dd>1,44</dd><dt>Проба: </dt><dd>925</dd></dl>|Срібна Країна
b0eee46c-df97-4f53-9553-45613e4b0ad8|2300069363695|1EA77636|1,47|'0'|866|50|433|<dl><dt>Вес, грамм: </dt><dd>1,47</dd><dt>Проба: </dt><dd>925</dd></dl>|<dl><dt>Вага, грам: </dt><dd>1,47</dd><dt>Проба: </dt><dd>925</dd></dl>|Срібна Країна
b0eee46c-df97-4f53-9553-45613e4b0ad8|2300069362667|1EA77636|1,48|'0'|872|50|436|<dl><dt>Вес, грамм: </dt><dd>1,48</dd><dt>Проба: </dt><dd>925</dd></dl>|<dl><dt>Вага, грам: </dt><dd>1,48</dd><dt>Проба: </dt><dd>925</dd></dl>|Срібна Країна
b0eee46c-df97-4f53-9553-45613e4b0ad8|2300069363190|1EA77636|1,53|'0'|901|50|451|<dl><dt>Вес, грамм: </dt><dd>1,53</dd><dt>Проба: </dt><dd>925</dd></dl>|<dl><dt>Вага, грам: </dt><dd>1,53</dd><dt>Проба: </dt><dd>925</dd></dl>|Срібна Країна
b0eee46c-df97-4f53-9553-45613e4b0ad8|2300069363954|1EA77636|1,57|'0'|925|50|463|<dl><dt>Вес, грамм: </dt><dd>1,57</dd><dt>Проба: </dt><dd>925</dd></dl>|<dl><dt>Вага, грам: </dt><dd>1,57</dd><dt>Проба: </dt><dd>925</dd></dl>|Срібна Країна
326d5711-4e79-431a-9dd9-f60cb822e9cb|2300080865239|1EA77753|1,47|'0'|914|50|457|<dl><dt>Вес, грамм: </dt><dd>1,47</dd><dt>Проба: </dt><dd>925</dd></dl>|<dl><dt>Вага, грам: </dt><dd>1,47</dd><dt>Проба: </dt><dd>925</dd></dl>|Срібна Країна
326d5711-4e79-431a-9dd9-f60cb822e9cb|2300080864584|1EA77753|1,51|'0'|939|50|470|<dl><dt>Вес, грамм: </dt><dd>1,51</dd><dt>Проба: </dt><dd>925</dd></dl>|<dl><dt>Вага, грам: </dt><dd>1,51</dd><dt>Проба: </dt><dd>925</dd></dl>|Срібна Країна
8e77ce98-9baa-4ba0-89cb-6d500388eb9a|2300072832027|1EA77797|2,03|'0'|1 196|50|598|<dl><dt>Вес, грамм: </dt><dd>2,03</dd><dt>Проба: </dt><dd>925</dd></dl>|<dl><dt>Вага, грам: </dt><dd>2,03</dd><dt>Проба: </dt><dd>925</dd></dl>|Срібна Країна
9a88a226-e576-4a17-9794-cd904ae8714d|2300086746648|1EA77895|1,7|'0'|1 039|50|520|<dl><dt>Вес, грамм: </dt><dd>1,7</dd><dt>Проба: </dt><dd>925</dd></dl>|<dl><dt>Вага, грам: </dt><dd>1,7</dd><dt>Проба: </dt><dd>925</dd></dl>|Срібна Країна
cfc53956-953f-4a3e-a4cb-4fe635ad84c1|2300073682195|1EA77922|1,79|'0'|841|70|252|<dl><dt>Вес, грамм: </dt><dd>1,79</dd><dt>Проба: </dt><dd>925</dd></dl>|<dl><dt>Вага, грам: </dt><dd>1,79</dd><dt>Проба: </dt><dd>925</dd></dl>|Срібна Країна
cfc53956-953f-4a3e-a4cb-4fe635ad84c1|2300073682218|1EA77922|1,79|'0'|841|70|252|<dl><dt>Вес, грамм: </dt><dd>1,79</dd><dt>Проба: </dt><dd>925</dd></dl>|<dl><dt>Вага, грам: </dt><dd>1,79</dd><dt>Проба: </dt><dd>925</dd></dl>|Срібна Країна
cfc53956-953f-4a3e-a4cb-4fe635ad84c1|2300073682829|1EA77922|1,82|'0'|855|70|257|<dl><dt>Вес, грамм: </dt><dd>1,82</dd><dt>Проба: </dt><dd>925</dd></dl>|<dl><dt>Вага, грам: </dt><dd>1,82</dd><dt>Проба: </dt><dd>925</dd></dl>|Срібна Країна
e5866176-59d2-4692-af03-05f5b5cbf2ba|2300070398457|1EA77923|1,36|'0'|639|70|192|<dl><dt>Вес, грамм: </dt><dd>1,36</dd><dt>Проба: </dt><dd>925</dd></dl>|<dl><dt>Вага, грам: </dt><dd>1,36</dd><dt>Проба: </dt><dd>925</dd></dl>|Срібна Країна
e5866176-59d2-4692-af03-05f5b5cbf2ba|2300070399706|1EA77923|1,41|'0'|663|70|199|<dl><dt>Вес, грамм: </dt><dd>1,41</dd><dt>Проба: </dt><dd>925</dd></dl>|<dl><dt>Вага, грам: </dt><dd>1,41</dd><dt>Проба: </dt><dd>925</dd></dl>|Срібна Країна
e5866176-59d2-4692-af03-05f5b5cbf2ba|2300070399713|1EA77923|1,41|'0'|663|70|199|<dl><dt>Вес, грамм: </dt><dd>1,41</dd><dt>Проба: </dt><dd>925</dd></dl>|<dl><dt>Вага, грам: </dt><dd>1,41</dd><dt>Проба: </dt><dd>925</dd></dl>|Срібна Країна
e5866176-59d2-4692-af03-05f5b5cbf2ba|2300070399768|1EA77923|1,43|'0'|672|70|202|<dl><dt>Вес, грамм: </dt><dd>1,43</dd><dt>Проба: </dt><dd>925</dd></dl>|<dl><dt>Вага, грам: </dt><dd>1,43</dd><dt>Проба: </dt><dd>925</dd></dl>|Срібна Країна
"a89d794b-7539-4387-a7e3-a61347e0ecbd|4824100525364|0079R-BR|2,76|'0'|7 227|50|3 614|<dl><dt>Вес, грамм: </dt><dd>2,76</dd><dt>Проба: </dt><dd>925</dd></dl><dl class=""with-title""><dt>Вставка 1: </dt><dd>Бриллиант</dd><dt>Количество камней: </dt><dd>2</dd><dt>Масса: </dt><dd>0,068</dd><dt>Гр. цвета/чистоты/кл. огранки: </dt><dd>4/5A</dd><dt>Форма огранки: </dt><dd>Кр 57</dd></dl>|<dl><dt>Вага, грам: </dt><dd>2,76</dd><dt>Проба: </dt><dd>925</dd></dl><dl class=""with-title""><dt>Вставка 1: </dt><dd>Діамант</dd><dt>Кількість каменів: </dt><dd>2</dd><dt>Маса: </dt><dd>0,068</dd><dt>Гр. кольору/чистоти/кл. огранки: </dt><dd>4/5A</dd><dt>Форма огранки: </dt><dd>Кр 57</dd></dl>|Срібна Країна"
"a89d794b-7539-4387-a7e3-a61347e0ecbd|4824002280866|0079R-BR|2,77|'0'|8 855|50|4 428|<dl><dt>Вес, грамм: </dt><dd>2,77</dd><dt>Проба: </dt><dd>925</dd></dl><dl class=""with-title""><dt>Вставка 1: </dt><dd>Бриллиант</dd><dt>Количество камней: </dt><dd>2</dd><dt>Масса: </dt><dd>0,09</dd><dt>Гр. цвета/чистоты/кл. огранки: </dt><dd>4/4A</dd><dt>Форма огранки: </dt><dd>Кр 57</dd></dl>|<dl><dt>Вага, грам: </dt><dd>2,77</dd><dt>Проба: </dt><dd>925</dd></dl><dl class=""with-title""><dt>Вставка 1: </dt><dd>Діамант</dd><dt>Кількість каменів: </dt><dd>2</dd><dt>Маса: </dt><dd>0,09</dd><dt>Гр. кольору/чистоти/кл. огранки: </dt><dd>4/4A</dd><dt>Форма огранки: </dt><dd>Кр 57</dd></dl>|Срібна Країна"
"a89d794b-7539-4387-a7e3-a61347e0ecbd|4824002068099|0079R-BR|2,79|'0'|7 252|50|3 626|<dl><dt>Вес, грамм: </dt><dd>2,79</dd><dt>Проба: </dt><dd>925</dd></dl><dl class=""with-title""><dt>Вставка 1: </dt><dd>Бриллиант</dd><dt>Количество камней: </dt><dd>2</dd><dt>Масса: </dt><dd>0,068</dd><dt>Гр. цвета/чистоты/кл. огранки: </dt><dd>4/5A</dd><dt>Форма огранки: </dt><dd>Кр 57</dd></dl>|<dl><dt>Вага, грам: </dt><dd>2,79</dd><dt>Проба: </dt><dd>925</dd></dl><dl class=""with-title""><dt>Вставка 1: </dt><dd>Діамант</dd><dt>Кількість каменів: </dt><dd>2</dd><dt>Маса: </dt><dd>0,068</dd><dt>Гр. кольору/чистоти/кл. огранки: </dt><dd>4/5A</dd><dt>Форма огранки: </dt><dd>Кр 57</dd></dl>|Срібна Країна"
"a89d794b-7539-4387-a7e3-a61347e0ecbd|4824002067917|0079R-BR|2,8|'0'|7 259|50|3 630|<dl><dt>Вес, грамм: </dt><dd>2,8</dd><dt>Проба: </dt><dd>925</dd></dl><dl class=""with-title""><dt>Вставка 1: </dt><dd>Бриллиант</dd><dt>Количество камней: </dt><dd>2</dd><dt>Масса: </dt><dd>0,068</dd><dt>Гр. цвета/чистоты/кл. огранки: </dt><dd>4/5A</dd><dt>Форма огранки: </dt><dd>Кр 57</dd></dl>|<dl><dt>Вага, грам: </dt><dd>2,8</dd><dt>Проба: </dt><dd>925</dd></dl><dl class=""with-title""><dt>Вставка 1: </dt><dd>Діамант</dd><dt>Кількість каменів: </dt><dd>2</dd><dt>Маса: </dt><dd>0,068</dd><dt>Гр. кольору/чистоти/кл. огранки: </dt><dd>4/5A</dd><dt>Форма огранки: </dt><dd>Кр 57</dd></dl>|Срібна Країна"
"a89d794b-7539-4387-a7e3-a61347e0ecbd|4824100525319|0079R-BR|2,84|'0'|7 291|50|3 646|<dl><dt>Вес, грамм: </dt><dd>2,84</dd><dt>Проба: </dt><dd>925</dd></dl><dl class=""with-title""><dt>Вставка 1: </dt><dd>Бриллиант</dd><dt>Количество камней: </dt><dd>2</dd><dt>Масса: </dt><dd>0,068</dd><dt>Гр. цвета/чистоты/кл. огранки: </dt><dd>4/5A</dd><dt>Форма огранки: </dt><dd>Кр 57</dd></dl>|<dl><dt>Вага, грам: </dt><dd>2,84</dd><dt>Проба: </dt><dd>925</dd></dl><dl class=""with-title""><dt>Вставка 1: </dt><dd>Діамант</dd><dt>Кількість каменів: </dt><dd>2</dd><dt>Маса: </dt><dd>0,068</dd><dt>Гр. кольору/чистоти/кл. огранки: </dt><dd>4/5A</dd><dt>Форма огранки: </dt><dd>Кр 57</dd></dl>|Срібна Країна"
"a89d794b-7539-4387-a7e3-a61347e0ecbd|4824002287551|0079R-BR|2,88|'0'|8 943|50|4 472|<dl><dt>Вес, грамм: </dt><dd>2,88</dd><dt>Проба: </dt><dd>925</dd></dl><dl class=""with-title""><dt>Вставка 1: </dt><dd>Бриллиант</dd><dt>Количество камней: </dt><dd>2</dd><dt>Масса: </dt><dd>0,09</dd><dt>Гр. цвета/чистоты/кл. огранки: </dt><dd>4/4A</dd><dt>Форма огранки: </dt><dd>Кр 57</dd></dl>|<dl><dt>Вага, грам: </dt><dd>2,88</dd><dt>Проба: </dt><dd>925</dd></dl><dl class=""with-title""><dt>Вставка 1: </dt><dd>Діамант</dd><dt>Кількість каменів: </dt><dd>2</dd><dt>Маса: </dt><dd>0,09</dd><dt>Гр. кольору/чистоти/кл. огранки: </dt><dd>4/4A</dd><dt>Форма огранки: </dt><dd>Кр 57</dd></dl>|Срібна Країна"
"5bc27d0d-f0c5-4a5b-a55e-0261ee83a3ca|4824100524695|0160R-BR|2,32|'0'|6 873|50|3 437|<dl><dt>Вес, грамм: </dt><dd>2,32</dd><dt>Проба: </dt><dd>925</dd></dl><dl class=""with-title""><dt>Вставка 1: </dt><dd>Бриллиант</dd><dt>Количество камней: </dt><dd>2</dd><dt>Масса: </dt><dd>0,068</dd><dt>Гр. цвета/чистоты/кл. огранки: </dt><dd>4/5A</dd><dt>Форма огранки: </dt><dd>Кр 57</dd></dl>|<dl><dt>Вага, грам: </dt><dd>2,32</dd><dt>Проба: </dt><dd>925</dd></dl><dl class=""with-title""><dt>Вставка 1: </dt><dd>Діамант</dd><dt>Кількість каменів: </dt><dd>2</dd><dt>Маса: </dt><dd>0,068</dd><dt>Гр. кольору/чистоти/кл. огранки: </dt><dd>4/5A</dd><dt>Форма огранки: </dt><dd>Кр 57</dd></dl>|Срібна Країна"
"5bc27d0d-f0c5-4a5b-a55e-0261ee83a3ca|4824100524633|0160R-BR|2,37|'0'|6 914|50|3 457|<dl><dt>Вес, грамм: </dt><dd>2,37</dd><dt>Проба: </dt><dd>925</dd></dl><dl class=""with-title""><dt>Вставка 1: </dt><dd>Бриллиант</dd><dt>Количество камней: </dt><dd>2</dd><dt>Масса: </dt><dd>0,068</dd><dt>Гр. цвета/чистоты/кл. огранки: </dt><dd>4/5A</dd><dt>Форма огранки: </dt><dd>Кр 57</dd></dl>|<dl><dt>Вага, грам: </dt><dd>2,37</dd><dt>Проба: </dt><dd>925</dd></dl><dl class=""with-title""><dt>Вставка 1: </dt><dd>Діамант</dd><dt>Кількість каменів: </dt><dd>2</dd><dt>Маса: </dt><dd>0,068</dd><dt>Гр. кольору/чистоти/кл. огранки: </dt><dd>4/5A</dd><dt>Форма огранки: </dt><dd>Кр 57</dd></dl>|Срібна Країна"
"5bc27d0d-f0c5-4a5b-a55e-0261ee83a3ca|4824100524510|0160R-BR|2,38|'0'|6 921|50|3 461|<dl><dt>Вес, грамм: </dt><dd>2,38</dd><dt>Проба: </dt><dd>925</dd></dl><dl class=""with-title""><dt>Вставка 1: </dt><dd>Бриллиант</dd><dt>Количество камней: </dt><dd>2</dd><dt>Масса: </dt><dd>0,068</dd><dt>Гр. цвета/чистоты/кл. огранки: </dt><dd>4/5A</dd><dt>Форма огранки: </dt><dd>Кр 57</dd></dl>|<dl><dt>Вага, грам: </dt><dd>2,38</dd><dt>Проба: </dt><dd>925</dd></dl><dl class=""with-title""><dt>Вставка 1: </dt><dd>Діамант</dd><dt>Кількість каменів: </dt><dd>2</dd><dt>Маса: </dt><dd>0,068</dd><dt>Гр. кольору/чистоти/кл. огранки: </dt><dd>4/5A</dd><dt>Форма огранки: </dt><dd>Кр 57</dd></dl>|Срібна Країна"
